doc_id;affect;business process;examiner;organizations;primary;research;systematic literature review;way
2021-JDR;11.11111111111111;22.22222222222222;11.11111111111111;11.11111111111111;11.11111111111111;11.11111111111111;11.11111111111111;11.11111111111111
2024-RDJ;11.11111111111111;22.22222222222222;11.11111111111111;11.11111111111111;11.11111111111111;11.11111111111111;11.11111111111111;11.11111111111111
