word;2021-JDR;2024-RDJ
affect;11.11111111111111;11.11111111111111
business process;22.22222222222222;22.22222222222222
examiner;11.11111111111111;11.11111111111111
organizations;11.11111111111111;11.11111111111111
primary;11.11111111111111;11.11111111111111
research;11.11111111111111;11.11111111111111
systematic literature review;11.11111111111111;11.11111111111111
way;11.11111111111111;11.11111111111111
